<?xml version="1.0" encoding="UTF-8"?>
<extentreports>
    <configuration>
        <!-- document encoding -->
        <!-- defaults to UTF-8 -->
        <encoding>UTF-8</encoding>

        <!-- title of the document -->
        <documentTitle>Automation Report</documentTitle>
        
        <!-- report name - displayed at top-nav -->
        <reportName>Build 1</reportName>

		<!-- timestamp format -->
		<timeStampFormat>MMM dd, yyyy HH:mm:ss</timeStampFormat>

        <!-- custom styles -->
        <styles>
            <![CDATA[
                
            ]]>
        </styles>
    </configuration>
</extentreports>